{
  "floorplan": {
    "corners": {
      "16b020d0-fa1e-f198-bbc6-2ad1a59268d0": {
        "x": 5.773227777921044,
        "y": 0
      },
      "8d92c038-8852-f4ea-e8bb-ac03f938f703": {
        "x": 2.859279506949641,
        "y": 20.25013538255242
      },
      "5eee22b8-d773-5b93-c4c8-bf4286ac436d": {
        "x": 0,
        "y": 0
      },
      "4cd3d434-0921-ccfa-0e29-29d3778be8be": {
        "x": 0,
        "y": 12.707908919776171
      },
      "79dd4e37-0bc6-c662-2197-ec97c356a7d4": {
        "x": 5.773227777921044,
        "y": 10.100312024549371
      },
      "e8c4dc18-0a85-92a9-85b2-37dee45f4a00": {
        "x": 0,
        "y": 7.85579824131618
      },
      "ea1bedfe-ca15-1744-4108-5450cc842661": {
        "x": 2.4961963949560344,
        "y": 7.85579824131618
      },
      "b1c87f68-9c9e-99d2-859c-fb793355d90b": {
        "x": 2.4961963949560344,
        "y": 10.100312024549371
      },
      "c8a304a1-b9bd-6b76-92e9-2321af0bd415": {
        "x": 2.859279506949641,
        "y": 12.707908919776171
      },
      "263a453c-9952-75d6-8810-8477a3265bc6": {
        "x": 6.631424224451385,
        "y": 12.707908919776171
      },
      "483d787d-0016-0751-aeda-087bab3a0ed6": {
        "x": 6.631424224451385,
        "y": 11.354599138709098
      },
      "e3e27b42-3226-3fe2-5153-1bbb7a498584": {
        "x": 8.875938007684578,
        "y": 11.354599138709098
      },
      "22ad9451-b853-12b7-f471-9299192489e4": {
        "x": 8.875938007684578,
        "y": 8.218881353309785
      },
      "3eb61572-0237-0254-1e1a-8526c2a71ec6": {
        "x": 10.922406457103076,
        "y": 8.218881353309785
      },
      "1b0e7027-3dc4-12cb-0937-370a669217a5": {
        "x": 13.394878671445891,
        "y": 0
      },
      "d326e87e-4117-7033-7844-e7486d249b1e": {
        "x": 13.394878671445891,
        "y": 8.218881353309785
      },
      "4f68435b-ee33-c4cb-2b60-69945652cacd": {
        "x": 8.875938007684578,
        "y": 6.304443126434411
      },
      "f0569ab9-d17a-cb83-cd6d-1ccff1b4025a": {
        "x": 5.773227777921044,
        "y": 6.304443126434411
      },
      "56aa05eb-95de-2e11-d759-38814b8d9ce0": {
        "x": 10.922406457103076,
        "y": 6.304443126434411
      },
      "a4c70aaa-7fcb-5c76-0308-50c45bbe10a0": {
        "x": 13.394878671445891,
        "y": 6.304443126434411
      },
      "007d1f79-7d8f-827e-60ce-b3efb21444eb": {
        "x": 13.394878671445891,
        "y": 12.707908919776171
      },
      "b8dc05af-4819-456f-63e1-6a975118bbb4": {
        "x": 13.394878671445891,
        "y": 20.25013538255242
      },
      "bf238f73-f50e-a2c6-d877-0c39e7c2c330": {
        "x": 8.875938007684578,
        "y": 12.707908919776171
      }
    },
    "walls": [
      {
        "corner1": "4cd3d434-0921-ccfa-0e29-29d3778be8be",
        "corner2": "c8a304a1-b9bd-6b76-92e9-2321af0bd415",
        "frontTexture": {
          "url": "rooms/textures/wallmap.png",
          "stretch": true,
          "scale": 0
        },
        "backTexture": {
          "url": "rooms/textures/marbletiles.jpg",
          "stretch": false,
          "scale": 300
        }
      },
      {
        "corner1": "5eee22b8-d773-5b93-c4c8-bf4286ac436d",
        "corner2": "16b020d0-fa1e-f198-bbc6-2ad1a59268d0",
        "frontTexture": {
          "url": "rooms/textures/marbletiles.jpg",
          "stretch": false,
          "scale": 300
        },
        "backTexture": {
          "url": "rooms/textures/wallmap.png",
          "stretch": true,
          "scale": 0
        }
      },
      {
        "corner1": "16b020d0-fa1e-f198-bbc6-2ad1a59268d0",
        "corner2": "1b0e7027-3dc4-12cb-0937-370a669217a5",
        "frontTexture": {
          "url": "rooms/textures/marbletiles.jpg",
          "stretch": false,
          "scale": 300
        },
        "backTexture": {
          "url": "rooms/textures/wallmap.png",
          "stretch": true,
          "scale": 0
        }
      },
      {
        "corner1": "16b020d0-fa1e-f198-bbc6-2ad1a59268d0",
        "corner2": "f0569ab9-d17a-cb83-cd6d-1ccff1b4025a",
        "frontTexture": {
          "url": "rooms/textures/marbletiles.jpg",
          "stretch": false,
          "scale": 300
        },
        "backTexture": {
          "url": "rooms/textures/marbletiles.jpg",
          "stretch": false,
          "scale": 300
        }
      },
      {
        "corner1": "8d92c038-8852-f4ea-e8bb-ac03f938f703",
        "corner2": "c8a304a1-b9bd-6b76-92e9-2321af0bd415",
        "frontTexture": {
          "url": "rooms/textures/marbletiles.jpg",
          "stretch": false,
          "scale": 300
        },
        "backTexture": {
          "url": "rooms/textures/wallmap.png",
          "stretch": true,
          "scale": 0
        }
      },
      {
        "corner1": "8d92c038-8852-f4ea-e8bb-ac03f938f703",
        "corner2": "b8dc05af-4819-456f-63e1-6a975118bbb4",
        "frontTexture": {
          "url": "rooms/textures/wallmap.png",
          "stretch": true,
          "scale": 0
        },
        "backTexture": {
          "url": "rooms/textures/marbletiles.jpg",
          "stretch": false,
          "scale": 300
        }
      },
      {
        "corner1": "4cd3d434-0921-ccfa-0e29-29d3778be8be",
        "corner2": "e8c4dc18-0a85-92a9-85b2-37dee45f4a00",
        "frontTexture": {
          "url": "rooms/textures/marbletiles.jpg",
          "stretch": false,
          "scale": 300
        },
        "backTexture": {
          "url": "rooms/textures/wallmap.png",
          "stretch": true,
          "scale": 0
        }
      },
      {
        "corner1": "e8c4dc18-0a85-92a9-85b2-37dee45f4a00",
        "corner2": "5eee22b8-d773-5b93-c4c8-bf4286ac436d",
        "frontTexture": {
          "url": "rooms/textures/marbletiles.jpg",
          "stretch": false,
          "scale": 300
        },
        "backTexture": {
          "url": "rooms/textures/wallmap.png",
          "stretch": true,
          "scale": 0
        }
      },
      {
        "corner1": "e8c4dc18-0a85-92a9-85b2-37dee45f4a00",
        "corner2": "ea1bedfe-ca15-1744-4108-5450cc842661",
        "frontTexture": {
          "url": "rooms/textures/marbletiles.jpg",
          "stretch": false,
          "scale": 300
        },
        "backTexture": {
          "url": "rooms/textures/marbletiles.jpg",
          "stretch": false,
          "scale": 300
        }
      },
      {
        "corner1": "ea1bedfe-ca15-1744-4108-5450cc842661",
        "corner2": "b1c87f68-9c9e-99d2-859c-fb793355d90b",
        "frontTexture": {
          "url": "rooms/textures/marbletiles.jpg",
          "stretch": false,
          "scale": 300
        },
        "backTexture": {
          "url": "rooms/textures/marbletiles.jpg",
          "stretch": false,
          "scale": 300
        }
      },
      {
        "corner1": "b1c87f68-9c9e-99d2-859c-fb793355d90b",
        "corner2": "79dd4e37-0bc6-c662-2197-ec97c356a7d4",
        "frontTexture": {
          "url": "rooms/textures/marbletiles.jpg",
          "stretch": false,
          "scale": 300
        },
        "backTexture": {
          "url": "rooms/textures/marbletiles.jpg",
          "stretch": false,
          "scale": 300
        }
      },
      {
        "corner1": "c8a304a1-b9bd-6b76-92e9-2321af0bd415",
        "corner2": "263a453c-9952-75d6-8810-8477a3265bc6",
        "frontTexture": {
          "url": "rooms/textures/marbletiles.jpg",
          "stretch": false,
          "scale": 300
        },
        "backTexture": {
          "url": "rooms/textures/marbletiles.jpg",
          "stretch": false,
          "scale": 300
        }
      },
      {
        "corner1": "263a453c-9952-75d6-8810-8477a3265bc6",
        "corner2": "bf238f73-f50e-a2c6-d877-0c39e7c2c330",
        "frontTexture": {
          "url": "rooms/textures/marbletiles.jpg",
          "stretch": false,
          "scale": 300
        },
        "backTexture": {
          "url": "rooms/textures/marbletiles.jpg",
          "stretch": false,